month,regional_team,chemical,bnf_name,items,quantity,total_list_size,rate
2024-09-01,Y63,Inclisiran,Inclisiran 284mg/1.5ml inj pre-filled syringes,454,460.0,9238877,4.9140171473221256e-05
2023-08-01,Y60,Inclisiran,Inclisiran 284mg/1.5ml inj pre-filled syringes,202,204.0,11786106,1.7138824307196964e-05
2023-01-01,Y59,Inclisiran,Leqvio 284mg/1.5ml inj pre-filled syringes,6,6.0,9675361,6.201318999880211e-07
2022-09-01,Y59,Inclisiran,Leqvio 284mg/1.5ml inj pre-filled syringes,2,2.0,9626061,2.0776930459925406e-07
2021-12-01,Y61,Inclisiran,Inclisiran 284mg/1.5ml inj pre-filled syringes,7,7.0,7073995,9.895398568984004e-07
2021-12-01,Y58,Inclisiran,Inclisiran 284mg/1.5ml inj pre-filled syringes,11,11.0,5983101,1.8385115009758318e-06
2024-05-01,Y58,Inclisiran,Leqvio 284mg/1.5ml inj pre-filled syringes,141,141.0,6122470,2.3029920930604805e-05
2025-06-01,Y61,Inclisiran,Leqvio 284mg/1.5ml inj pre-filled syringes,207,207.0,7348961,2.8167247043493633e-05
2025-04-01,Y63,Inclisiran,Inclisiran 284mg/1.5ml inj pre-filled syringes,502,506.0,9275991,5.4118206884849285e-05
2024-06-01,Y56,Inclisiran,Leqvio 284mg/1.5ml inj pre-filled syringes,45,45.0,11045840,4.073931905586176e-06
2022-03-01,Y60,Inclisiran,Inclisiran 284mg/1.5ml inj pre-filled syringes,29,29.0,11521244,2.5170893004262386e-06
2023-01-01,Y60,Inclisiran,Inclisiran 284mg/1.5ml inj pre-filled syringes,101,101.0,11695769,8.635601472635105e-06
2024-07-01,Y63,Inclisiran,Leqvio 284mg/1.5ml inj pre-filled syringes,158,158.0,9231835,1.7114690633010662e-05
2023-05-01,Y61,Inclisiran,Inclisiran 284mg/1.5ml inj pre-filled syringes,35,35.0,7181942,4.87333370277844e-06
2023-03-01,Y62,Inclisiran,Leqvio 284mg/1.5ml inj pre-filled syringes,10,10.0,7777533,1.2857547502530687e-06
2024-08-01,Y62,Inclisiran,Inclisiran 284mg/1.5ml inj pre-filled syringes,664,665.0,7925048,8.378498149159475e-05
2022-10-01,Y61,Inclisiran,Inclisiran 284mg/1.5ml inj pre-filled syringes,12,12.0,7124780,1.6842625316150112e-06
2022-10-01,Y59,Inclisiran,Leqvio 284mg/1.5ml inj pre-filled syringes,1,1.0,9640832,1.0372548759277207e-07
2023-03-01,Y56,Inclisiran,Inclisiran 284mg/1.5ml inj pre-filled syringes,32,35.0,10840193,2.951976962033794e-06
2024-05-01,Y63,Inclisiran,Leqvio 284mg/1.5ml inj pre-filled syringes,163,163.0,9225693,1.7668049435419108e-05
2023-05-01,Y63,Inclisiran,Leqvio 284mg/1.5ml inj pre-filled syringes,23,23.0,9122170,2.521329902863025e-06
2024-11-01,Y59,Inclisiran,Inclisiran 284mg/1.5ml inj pre-filled syringes,348,350.0,9869858,3.525886593302558e-05
2024-08-01,Y61,Inclisiran,Leqvio 284mg/1.5ml inj pre-filled syringes,125,125.0,7307085,1.7106684813437916e-05
2024-05-01,Y58,Inclisiran,Inclisiran 284mg/1.5ml inj pre-filled syringes,326,327.0,6122470,5.324648385373877e-05
2025-06-01,Y63,Inclisiran,Leqvio 284mg/1.5ml inj pre-filled syringes,257,257.0,9273184,2.7714321208335777e-05
2022-04-01,Y60,Inclisiran,Inclisiran 284mg/1.5ml inj pre-filled syringes,21,21.0,11532432,1.820951556445336e-06
2022-11-01,Y56,Inclisiran,Inclisiran 284mg/1.5ml inj pre-filled syringes,16,17.0,10770140,1.4855888595691421e-06
2024-01-01,Y61,Inclisiran,Inclisiran 284mg/1.5ml inj pre-filled syringes,91,93.0,7256123,1.2541132502853108e-05
2025-05-01,Y60,Inclisiran,Leqvio 284mg/1.5ml inj pre-filled syringes,158,158.0,12021740,1.3142856192198468e-05
2024-06-01,Y61,Inclisiran,Leqvio 284mg/1.5ml inj pre-filled syringes,155,155.0,7292646,2.1254288224054754e-05
2022-07-01,Y56,Inclisiran,Inclisiran 284mg/1.5ml inj pre-filled syringes,5,7.0,10697223,4.674110280771e-07
2022-04-01,Y62,Inclisiran,Inclisiran 284mg/1.5ml inj pre-filled syringes,4,4.0,7725804,5.177454670089999e-07
2024-03-01,Y56,Inclisiran,Inclisiran 284mg/1.5ml inj pre-filled syringes,154,155.0,11015462,1.3980348713472027e-05
2023-11-01,Y58,Inclisiran,Leqvio 284mg/1.5ml inj pre-filled syringes,96,96.0,6096670,1.5746300849480126e-05
2025-01-01,Y61,Inclisiran,Leqvio 284mg/1.5ml inj pre-filled syringes,154,154.0,7336059,2.099219758183515e-05
2021-12-01,Y56,Inclisiran,Inclisiran 284mg/1.5ml inj pre-filled syringes,5,8.0,10587476,4.7225608823103826e-07
2022-05-01,Y58,Inclisiran,Inclisiran 284mg/1.5ml inj pre-filled syringes,91,91.0,6001148,1.5163765332899638e-05
2024-02-01,Y63,Inclisiran,Inclisiran 284mg/1.5ml inj pre-filled syringes,415,422.0,9209831,4.506054454202254e-05
2024-09-01,Y59,Inclisiran,Leqvio 284mg/1.5ml inj pre-filled syringes,29,29.0,9845426,2.9455302391181447e-06
2024-10-01,Y56,Inclisiran,Leqvio 284mg/1.5ml inj pre-filled syringes,8,8.0,11073203,7.224648550198167e-07
2023-09-01,Y56,Inclisiran,Leqvio 284mg/1.5ml inj pre-filled syringes,1,1.0,10916109,9.160773312175611e-08
2022-08-01,Y61,Inclisiran,Inclisiran 284mg/1.5ml inj pre-filled syringes,14,14.0,7111137,1.9687428325456254e-06
2022-11-01,Y63,Inclisiran,Inclisiran 284mg/1.5ml inj pre-filled syringes,93,96.0,9082670,1.0239279859336517e-05
2025-05-01,Y63,Inclisiran,Inclisiran 284mg/1.5ml inj pre-filled syringes,635,637.0,9275049,6.846325016719588e-05
2023-08-01,Y61,Inclisiran,Inclisiran 284mg/1.5ml inj pre-filled syringes,49,50.0,7211002,6.7951721549931616e-06
2022-07-01,Y59,Inclisiran,Leqvio 284mg/1.5ml inj pre-filled syringes,2,2.0,9609875,2.08119252331586e-07
2022-09-01,Y61,Inclisiran,Leqvio 284mg/1.5ml inj pre-filled syringes,2,2.0,7119310,2.809261009845055e-07
2025-06-01,Y60,Inclisiran,Leqvio 284mg/1.5ml inj pre-filled syringes,93,93.0,12023842,7.734632574180533e-06
2023-04-01,Y62,Inclisiran,Inclisiran 284mg/1.5ml inj pre-filled syringes,78,82.0,7782911,1.0021957080069398e-05
2021-12-01,Y63,Inclisiran,Inclisiran 284mg/1.5ml inj pre-filled syringes,5,5.0,9011580,5.548416592872726e-07
2022-06-01,Y63,Inclisiran,Inclisiran 284mg/1.5ml inj pre-filled syringes,29,29.0,9034624,3.2098734822832695e-06
2023-10-01,Y63,Inclisiran,Leqvio 284mg/1.5ml inj pre-filled syringes,123,123.0,9164703,1.3421056852578855e-05
2022-07-01,Y59,Inclisiran,Inclisiran 284mg/1.5ml inj pre-filled syringes,24,24.0,9609875,2.497431027979032e-06
2022-07-01,Y58,Inclisiran,Inclisiran 284mg/1.5ml inj pre-filled syringes,74,74.0,6011587,1.2309561518447625e-05
2023-10-01,Y61,Inclisiran,Leqvio 284mg/1.5ml inj pre-filled syringes,55,55.0,7224609,7.61286873794831e-06
2023-08-01,Y62,Inclisiran,Inclisiran 284mg/1.5ml inj pre-filled syringes,229,238.0,7811759,2.931478044829596e-05
2023-04-01,Y61,Inclisiran,Leqvio 284mg/1.5ml inj pre-filled syringes,15,15.0,7177986,2.0897226603674066e-06
2023-01-01,Y58,Inclisiran,Inclisiran 284mg/1.5ml inj pre-filled syringes,182,183.0,6045664,3.0104220148522975e-05
2023-07-01,Y63,Inclisiran,Inclisiran 284mg/1.5ml inj pre-filled syringes,168,169.0,9132159,1.8396525947478574e-05
2023-01-01,Y59,Inclisiran,Inclisiran 284mg/1.5ml inj pre-filled syringes,61,61.0,9675361,6.3046743165448814e-06
2025-01-01,Y59,Inclisiran,Leqvio 284mg/1.5ml inj pre-filled syringes,44,44.0,9878020,4.454333965713777e-06
2024-07-01,Y56,Inclisiran,Inclisiran 284mg/1.5ml inj pre-filled syringes,210,215.0,11045722,1.9011885325377555e-05
2023-04-01,Y63,Inclisiran,Leqvio 284mg/1.5ml inj pre-filled syringes,19,19.0,9118172,2.0837509974587012e-06
2023-10-01,Y61,Inclisiran,Inclisiran 284mg/1.5ml inj pre-filled syringes,73,75.0,7224609,1.0104353052185938e-05
2025-03-01,Y61,Inclisiran,Leqvio 284mg/1.5ml inj pre-filled syringes,215,215.0,7341207,2.9286737180956754e-05
2025-03-01,Y56,Inclisiran,Leqvio 284mg/1.5ml inj pre-filled syringes,16,16.0,11120160,1.4388282182990172e-06
2023-04-01,Y61,Inclisiran,Inclisiran 284mg/1.5ml inj pre-filled syringes,36,36.0,7177986,5.015334384881776e-06
2023-05-01,Y58,Inclisiran,Leqvio 284mg/1.5ml inj pre-filled syringes,33,33.0,6059186,5.446276116956964e-06
2022-08-01,Y62,Inclisiran,Leqvio 284mg/1.5ml inj pre-filled syringes,2,2.0,7714918,2.592380113437369e-07
2023-12-01,Y56,Inclisiran,Inclisiran 284mg/1.5ml inj pre-filled syringes,146,150.0,10985551,1.3290184534212258e-05
2024-05-01,Y63,Inclisiran,Inclisiran 284mg/1.5ml inj pre-filled syringes,462,463.0,9225693,5.00775388905744e-05
2023-08-01,Y59,Inclisiran,Leqvio 284mg/1.5ml inj pre-filled syringes,16,16.0,9725435,1.645170627329266e-06
2024-10-01,Y62,Inclisiran,Inclisiran 284mg/1.5ml inj pre-filled syringes,710,716.0,7946789,8.93442621919369e-05
2023-05-01,Y63,Inclisiran,Inclisiran 284mg/1.5ml inj pre-filled syringes,121,123.0,9122170,1.326438774984461e-05
2022-11-01,Y62,Inclisiran,Inclisiran 284mg/1.5ml inj pre-filled syringes,36,37.0,7747822,4.646467097463003e-06
2024-03-01,Y60,Inclisiran,Leqvio 284mg/1.5ml inj pre-filled syringes,108,108.0,11908996,9.068774563363696e-06
2024-09-01,Y58,Inclisiran,Leqvio 284mg/1.5ml inj pre-filled syringes,105,105.0,6130305,1.712802217834186e-05
2022-10-01,Y58,Inclisiran,Inclisiran 284mg/1.5ml inj pre-filled syringes,120,123.0,6026204,1.991303314657121e-05
2025-06-01,Y59,Inclisiran,Inclisiran 284mg/1.5ml inj pre-filled syringes,532,539.0,9887419,5.380575051992841e-05
2025-06-01,Y62,Inclisiran,Inclisiran 284mg/1.5ml inj pre-filled syringes,978,991.0,7976439,0.00012261110503070354
2023-02-01,Y60,Inclisiran,Inclisiran 284mg/1.5ml inj pre-filled syringes,124,124.0,11708347,1.0590734968821816e-05
2021-12-01,Y60,Inclisiran,Inclisiran 284mg/1.5ml inj pre-filled syringes,7,7.0,11489282,6.092634857426252e-07
2024-04-01,Y59,Inclisiran,Leqvio 284mg/1.5ml inj pre-filled syringes,18,18.0,9805394,1.8357242962393964e-06
2022-10-01,Y56,Inclisiran,Leqvio 284mg/1.5ml inj pre-filled syringes,1,1.0,10737497,9.313157433245383e-08
2022-03-01,Y58,Inclisiran,Inclisiran 284mg/1.5ml inj pre-filled syringes,50,50.0,5996374,8.338372489774653e-06
2023-01-01,Y60,Inclisiran,Leqvio 284mg/1.5ml inj pre-filled syringes,8,8.0,11695769,6.840080374364439e-07
2022-08-01,Y60,Inclisiran,Inclisiran 284mg/1.5ml inj pre-filled syringes,47,48.0,11605875,4.049673118140597e-06
2022-04-01,Y61,Inclisiran,Inclisiran 284mg/1.5ml inj pre-filled syringes,11,11.0,7094078,1.5505890969904757e-06
2025-01-01,Y58,Inclisiran,Inclisiran 284mg/1.5ml inj pre-filled syringes,619,632.0,6150482,0.00010064251874893708
2023-02-01,Y59,Inclisiran,Leqvio 284mg/1.5ml inj pre-filled syringes,6,6.0,9684212,6.195651231096552e-07
2022-12-01,Y62,Inclisiran,Leqvio 284mg/1.5ml inj pre-filled syringes,6,6.0,7758871,7.733083846863802e-07
2024-02-01,Y63,Inclisiran,Leqvio 284mg/1.5ml inj pre-filled syringes,136,136.0,9209831,1.4766829054735098e-05
2023-10-01,Y62,Inclisiran,Inclisiran 284mg/1.5ml inj pre-filled syringes,382,387.0,7833347,4.876587236592481e-05
2025-02-01,Y60,Inclisiran,Inclisiran 284mg/1.5ml inj pre-filled syringes,459,466.0,12018023,3.819263784068311e-05
2024-04-01,Y56,Inclisiran,Leqvio 284mg/1.5ml inj pre-filled syringes,9,9.0,11006217,8.177196578988039e-07
2022-05-01,Y63,Inclisiran,Inclisiran 284mg/1.5ml inj pre-filled syringes,24,24.0,9029573,2.6579329941737002e-06
2024-03-01,Y60,Inclisiran,Inclisiran 284mg/1.5ml inj pre-filled syringes,435,436.0,11908996,3.652700865799266e-05
2025-02-01,Y61,Inclisiran,Inclisiran 284mg/1.5ml inj pre-filled syringes,261,264.0,7341176,3.5552886894415826e-05
2022-06-01,Y61,Inclisiran,Leqvio 284mg/1.5ml inj pre-filled syringes,2,2.0,7106121,2.8144750138648076e-07
2023-03-01,Y60,Inclisiran,Leqvio 284mg/1.5ml inj pre-filled syringes,9,9.0,11722730,7.677392552758615e-07
2022-05-01,Y62,Inclisiran,Inclisiran 284mg/1.5ml inj pre-filled syringes,4,4.0,7729466,5.175001740094335e-07
2024-07-01,Y60,Inclisiran,Leqvio 284mg/1.5ml inj pre-filled syringes,101,102.0,11953078,8.449706427080957e-06
2022-02-01,Y60,Inclisiran,Inclisiran 284mg/1.5ml inj pre-filled syringes,16,16.0,11512119,1.389839698495125e-06
2024-09-01,Y56,Inclisiran,Leqvio 284mg/1.5ml inj pre-filled syringes,8,8.0,11051350,7.238934609798803e-07
2025-02-01,Y62,Inclisiran,Inclisiran 284mg/1.5ml inj pre-filled syringes,698,699.0,7969966,8.7578792682428e-05
2023-06-01,Y58,Inclisiran,Leqvio 284mg/1.5ml inj pre-filled syringes,56,56.0,6062644,9.23689400202288e-06
2025-01-01,Y59,Inclisiran,Inclisiran 284mg/1.5ml inj pre-filled syringes,352,356.0,9878020,3.5634671725710216e-05
2023-10-01,Y62,Inclisiran,Leqvio 284mg/1.5ml inj pre-filled syringes,56,56.0,7833347,7.148923697622485e-06
2023-06-01,Y63,Inclisiran,Inclisiran 284mg/1.5ml inj pre-filled syringes,190,190.0,9127911,2.0815277449571977e-05
2023-09-01,Y63,Inclisiran,Inclisiran 284mg/1.5ml inj pre-filled syringes,199,200.0,9141465,2.17689396612031e-05
2024-09-01,Y60,Inclisiran,Inclisiran 284mg/1.5ml inj pre-filled syringes,418,422.0,11966601,3.493055379718936e-05
2025-04-01,Y59,Inclisiran,Leqvio 284mg/1.5ml inj pre-filled syringes,42,42.0,9884038,4.249275447949512e-06
2022-11-01,Y61,Inclisiran,Leqvio 284mg/1.5ml inj pre-filled syringes,3,3.0,7137624,4.2030793440506254e-07
2022-04-01,Y59,Inclisiran,Leqvio 284mg/1.5ml inj pre-filled syringes,1,1.0,9582631,1.0435547398204104e-07
2021-12-01,Y63,Inclisiran,Leqvio 284mg/1.5ml inj pre-filled syringes,1,1.0,9011580,1.1096833185745452e-07
2023-09-01,Y59,Inclisiran,Leqvio 284mg/1.5ml inj pre-filled syringes,9,9.0,9733723,9.246205177607787e-07
2024-02-01,Y61,Inclisiran,Inclisiran 284mg/1.5ml inj pre-filled syringes,127,128.0,7265282,1.7480395117491655e-05
2024-04-01,Y56,Inclisiran,Inclisiran 284mg/1.5ml inj pre-filled syringes,146,148.0,11006217,1.326523000591393e-05
2024-10-01,Y59,Inclisiran,Leqvio 284mg/1.5ml inj pre-filled syringes,29,29.0,9857536,2.941911650132447e-06
2022-05-01,Y62,Inclisiran,Leqvio 284mg/1.5ml inj pre-filled syringes,1,1.0,7729466,1.2937504350235838e-07
2021-11-01,Y59,Inclisiran,Inclisiran 284mg/1.5ml inj pre-filled syringes,6,6.0,9540164,6.289200059873185e-07
2023-10-01,Y63,Inclisiran,Inclisiran 284mg/1.5ml inj pre-filled syringes,271,277.0,9164703,2.9569970789015203e-05
2023-11-01,Y62,Inclisiran,Leqvio 284mg/1.5ml inj pre-filled syringes,55,56.0,7851857,7.004712388419708e-06
2024-11-01,Y59,Inclisiran,Leqvio 284mg/1.5ml inj pre-filled syringes,50,50.0,9869858,5.065929013365745e-06
2024-01-01,Y58,Inclisiran,Leqvio 284mg/1.5ml inj pre-filled syringes,106,106.0,6107613,1.735538908571974e-05
2023-02-01,Y61,Inclisiran,Inclisiran 284mg/1.5ml inj pre-filled syringes,30,33.0,7163093,4.1881349299806665e-06
2023-07-01,Y63,Inclisiran,Leqvio 284mg/1.5ml inj pre-filled syringes,36,36.0,9132159,3.942112703031123e-06
2022-03-01,Y63,Inclisiran,Leqvio 284mg/1.5ml inj pre-filled syringes,1,1.0,9023074,1.1082697537446773e-07
2024-01-01,Y58,Inclisiran,Inclisiran 284mg/1.5ml inj pre-filled syringes,271,273.0,6107613,4.437085322858538e-05
2023-08-01,Y56,Inclisiran,Leqvio 284mg/1.5ml inj pre-filled syringes,2,2.0,10903685,1.8342422768082533e-07
2024-05-01,Y56,Inclisiran,Leqvio 284mg/1.5ml inj pre-filled syringes,2,2.0,11034189,1.8125482534330342e-07
2024-11-01,Y63,Inclisiran,Leqvio 284mg/1.5ml inj pre-filled syringes,179,179.0,9268562,1.931259671133451e-05
2024-07-01,Y59,Inclisiran,Inclisiran 284mg/1.5ml inj pre-filled syringes,263,265.0,9831554,2.6750603210845406e-05
2022-03-01,Y61,Inclisiran,Leqvio 284mg/1.5ml inj pre-filled syringes,1,1.0,7089642,1.410508457267659e-07
2023-10-01,Y60,Inclisiran,Leqvio 284mg/1.5ml inj pre-filled syringes,17,19.0,11820810,1.4381417178687416e-06
2024-03-01,Y61,Inclisiran,Leqvio 284mg/1.5ml inj pre-filled syringes,144,144.0,7271415,1.9803573307258627e-05
2024-04-01,Y63,Inclisiran,Inclisiran 284mg/1.5ml inj pre-filled syringes,411,412.0,9215518,4.459868669346639e-05
2024-10-01,Y58,Inclisiran,Leqvio 284mg/1.5ml inj pre-filled syringes,106,106.0,6138805,1.7267204284873034e-05
2022-04-01,Y58,Inclisiran,Inclisiran 284mg/1.5ml inj pre-filled syringes,73,73.0,6000161,1.2166340203204548e-05
2023-04-01,Y58,Inclisiran,Inclisiran 284mg/1.5ml inj pre-filled syringes,165,166.0,6057141,2.7240574389798752e-05
2022-12-01,Y63,Inclisiran,Leqvio 284mg/1.5ml inj pre-filled syringes,8,8.0,9093747,8.797253761293337e-07
2025-04-01,Y62,Inclisiran,Inclisiran 284mg/1.5ml inj pre-filled syringes,701,703.0,7972232,8.79302057441379e-05
2024-07-01,Y60,Inclisiran,Inclisiran 284mg/1.5ml inj pre-filled syringes,446,449.0,11953078,3.731256501463473e-05
2023-11-01,Y56,Inclisiran,Leqvio 284mg/1.5ml inj pre-filled syringes,6,6.0,10957864,5.475519681572978e-07
2022-09-01,Y62,Inclisiran,Inclisiran 284mg/1.5ml inj pre-filled syringes,21,21.0,7720914,2.7198852363852257e-06
2022-03-01,Y59,Inclisiran,Inclisiran 284mg/1.5ml inj pre-filled syringes,15,15.0,9576240,1.5663767825367785e-06
2023-12-01,Y61,Inclisiran,Leqvio 284mg/1.5ml inj pre-filled syringes,103,103.0,7250533,1.4205852176660667e-05
2024-05-01,Y59,Inclisiran,Inclisiran 284mg/1.5ml inj pre-filled syringes,269,274.0,9818041,2.739854111426098e-05
2024-08-01,Y60,Inclisiran,Inclisiran 284mg/1.5ml inj pre-filled syringes,421,425.0,11957938,3.5206738820689654e-05
2022-04-01,Y63,Inclisiran,Inclisiran 284mg/1.5ml inj pre-filled syringes,28,28.0,9028252,3.1013755486665636e-06
2022-06-01,Y59,Inclisiran,Leqvio 284mg/1.5ml inj pre-filled syringes,1,1.0,9599810,1.0416872833941505e-07
2023-10-01,Y58,Inclisiran,Inclisiran 284mg/1.5ml inj pre-filled syringes,256,258.0,6086089,4.2063137755625985e-05
2023-09-01,Y58,Inclisiran,Leqvio 284mg/1.5ml inj pre-filled syringes,85,87.0,6075233,1.3991232928844046e-05
2025-04-01,Y63,Inclisiran,Leqvio 284mg/1.5ml inj pre-filled syringes,201,201.0,9275991,2.1668843792539255e-05
2022-08-01,Y56,Inclisiran,Leqvio 284mg/1.5ml inj pre-filled syringes,1,1.0,10710176,9.336914724837388e-08
2025-02-01,Y63,Inclisiran,Inclisiran 284mg/1.5ml inj pre-filled syringes,522,537.0,9276815,5.6269312258571504e-05
2023-11-01,Y63,Inclisiran,Inclisiran 284mg/1.5ml inj pre-filled syringes,238,243.0,9184083,2.5914399946080627e-05
2025-04-01,Y60,Inclisiran,Leqvio 284mg/1.5ml inj pre-filled syringes,153,153.0,12021227,1.2727486137646349e-05
2022-10-01,Y62,Inclisiran,Leqvio 284mg/1.5ml inj pre-filled syringes,2,2.0,7732308,2.586549837383612e-07
2025-02-01,Y59,Inclisiran,Leqvio 284mg/1.5ml inj pre-filled syringes,34,34.0,9882898,3.4402864422965815e-06
2023-07-01,Y58,Inclisiran,Leqvio 284mg/1.5ml inj pre-filled syringes,62,62.0,6067324,1.0218673009715651e-05
2023-02-01,Y56,Inclisiran,Leqvio 284mg/1.5ml inj pre-filled syringes,1,1.0,10827701,9.235570875110053e-08
2025-02-01,Y58,Inclisiran,Leqvio 284mg/1.5ml inj pre-filled syringes,117,117.0,6150966,1.902140249190127e-05
2025-01-01,Y63,Inclisiran,Inclisiran 284mg/1.5ml inj pre-filled syringes,526,526.0,9274875,5.6712354613943585e-05
2023-05-01,Y60,Inclisiran,Inclisiran 284mg/1.5ml inj pre-filled syringes,167,168.0,11745819,1.4217825083121066e-05
2023-10-01,Y56,Inclisiran,Inclisiran 284mg/1.5ml inj pre-filled syringes,96,101.0,10927943,8.784818881284429e-06
2023-09-01,Y60,Inclisiran,Inclisiran 284mg/1.5ml inj pre-filled syringes,227,228.0,11795913,1.9243953393009934e-05
2024-12-01,Y59,Inclisiran,Leqvio 284mg/1.5ml inj pre-filled syringes,65,66.0,9875570,6.581898563829734e-06
2022-07-01,Y63,Inclisiran,Leqvio 284mg/1.5ml inj pre-filled syringes,5,5.0,9035267,5.533870775484554e-07
2021-11-01,Y61,Inclisiran,Inclisiran 284mg/1.5ml inj pre-filled syringes,1,1.0,7065729,1.415282131539435e-07
2023-06-01,Y63,Inclisiran,Leqvio 284mg/1.5ml inj pre-filled syringes,33,33.0,9127911,3.615285030715133e-06
2023-07-01,Y56,Inclisiran,Leqvio 284mg/1.5ml inj pre-filled syringes,1,1.0,10885612,9.186438024798238e-08
2022-01-01,Y63,Inclisiran,Leqvio 284mg/1.5ml inj pre-filled syringes,1,1.0,9015292,1.1092264121894222e-07
2024-09-01,Y60,Inclisiran,Leqvio 284mg/1.5ml inj pre-filled syringes,133,133.0,11966601,1.1114267117287523e-05
2025-04-01,Y60,Inclisiran,Inclisiran 284mg/1.5ml inj pre-filled syringes,546,548.0,12021227,4.541965641277717e-05
2022-02-01,Y58,Inclisiran,Inclisiran 284mg/1.5ml inj pre-filled syringes,31,31.0,5994005,5.171834190995837e-06
2022-02-01,Y59,Inclisiran,Inclisiran 284mg/1.5ml inj pre-filled syringes,9,9.0,9571434,9.402979741593579e-07
2022-08-01,Y60,Inclisiran,Leqvio 284mg/1.5ml inj pre-filled syringes,1,1.0,11605875,8.616325783277866e-08
2023-06-01,Y56,Inclisiran,Inclisiran 284mg/1.5ml inj pre-filled syringes,54,55.0,10869769,4.967906861682157e-06
2023-11-01,Y56,Inclisiran,Inclisiran 284mg/1.5ml inj pre-filled syringes,100,102.0,10957864,9.125866135954963e-06
2024-02-01,Y60,Inclisiran,Inclisiran 284mg/1.5ml inj pre-filled syringes,384,387.0,11897588,3.227544944403857e-05
2024-08-01,Y63,Inclisiran,Leqvio 284mg/1.5ml inj pre-filled syringes,149,150.0,9236082,1.6132381674393968e-05
2023-07-01,Y62,Inclisiran,Leqvio 284mg/1.5ml inj pre-filled syringes,11,11.0,7805156,1.409324810420189e-06
2024-11-01,Y61,Inclisiran,Leqvio 284mg/1.5ml inj pre-filled syringes,166,166.0,7327234,2.265520658955344e-05
2023-05-01,Y62,Inclisiran,Inclisiran 284mg/1.5ml inj pre-filled syringes,130,133.0,7788532,1.669120702078389e-05
2025-03-01,Y61,Inclisiran,Inclisiran 284mg/1.5ml inj pre-filled syringes,239,241.0,7341207,3.255595435464495e-05
2023-05-01,Y61,Inclisiran,Leqvio 284mg/1.5ml inj pre-filled syringes,23,23.0,7181942,3.202476433254404e-06
2022-01-01,Y56,Inclisiran,Inclisiran 284mg/1.5ml inj pre-filled syringes,5,5.0,10613591,4.710940905863058e-07
2025-02-01,Y62,Inclisiran,Leqvio 284mg/1.5ml inj pre-filled syringes,58,58.0,7969966,7.277320881920951e-06
2024-08-01,Y56,Inclisiran,Inclisiran 284mg/1.5ml inj pre-filled syringes,189,198.0,11031060,1.7133439578789347e-05
2025-05-01,Y61,Inclisiran,Inclisiran 284mg/1.5ml inj pre-filled syringes,304,306.0,7345292,4.1387054456106035e-05
2023-05-01,Y59,Inclisiran,Leqvio 284mg/1.5ml inj pre-filled syringes,8,8.0,9700457,8.247034134577371e-07
2023-08-01,Y63,Inclisiran,Inclisiran 284mg/1.5ml inj pre-filled syringes,188,189.0,9137206,2.0575217413288045e-05
2024-04-01,Y58,Inclisiran,Leqvio 284mg/1.5ml inj pre-filled syringes,114,114.0,6116668,1.8637598117144823e-05
2024-10-01,Y58,Inclisiran,Inclisiran 284mg/1.5ml inj pre-filled syringes,446,448.0,6138805,7.265257651937144e-05
2024-12-01,Y60,Inclisiran,Inclisiran 284mg/1.5ml inj pre-filled syringes,502,505.0,12008375,4.180415751506761e-05
2022-10-01,Y58,Inclisiran,Leqvio 284mg/1.5ml inj pre-filled syringes,21,21.0,6026204,3.4847808006499613e-06
2023-08-01,Y58,Inclisiran,Inclisiran 284mg/1.5ml inj pre-filled syringes,222,224.0,6070759,3.656873876890847e-05
2025-03-01,Y60,Inclisiran,Leqvio 284mg/1.5ml inj pre-filled syringes,154,154.0,12018637,1.2813433004091894e-05
2025-04-01,Y62,Inclisiran,Leqvio 284mg/1.5ml inj pre-filled syringes,80,80.0,7972232,1.0034830898047122e-05
2024-10-01,Y60,Inclisiran,Inclisiran 284mg/1.5ml inj pre-filled syringes,531,533.0,11986533,4.429971535555777e-05
2023-07-01,Y60,Inclisiran,Leqvio 284mg/1.5ml inj pre-filled syringes,29,30.0,11772480,2.4633722036478295e-06
2022-12-01,Y58,Inclisiran,Inclisiran 284mg/1.5ml inj pre-filled syringes,132,132.0,6041563,2.1848650754779848e-05
2022-12-01,Y60,Inclisiran,Leqvio 284mg/1.5ml inj pre-filled syringes,5,5.0,11686306,4.2785119609224677e-07
2022-01-01,Y59,Inclisiran,Inclisiran 284mg/1.5ml inj pre-filled syringes,5,5.0,9563662,5.228122867579385e-07
2024-11-01,Y56,Inclisiran,Leqvio 284mg/1.5ml inj pre-filled syringes,7,7.0,11098349,6.307244437888914e-07
2022-01-01,Y62,Inclisiran,Inclisiran 284mg/1.5ml inj pre-filled syringes,3,3.0,7703862,3.8941507519215687e-07
2024-09-01,Y56,Inclisiran,Inclisiran 284mg/1.5ml inj pre-filled syringes,140,144.0,11051350,1.2668135567147905e-05
2023-12-01,Y62,Inclisiran,Leqvio 284mg/1.5ml inj pre-filled syringes,53,55.0,7863361,6.74012041415878e-06
2022-11-01,Y58,Inclisiran,Leqvio 284mg/1.5ml inj pre-filled syringes,29,29.0,6034823,4.805443341088877e-06
2024-03-01,Y59,Inclisiran,Leqvio 284mg/1.5ml inj pre-filled syringes,35,35.0,9799950,3.5714467930958833e-06
2024-02-01,Y56,Inclisiran,Inclisiran 284mg/1.5ml inj pre-filled syringes,183,185.0,11014884,1.661388354157883e-05
2024-05-01,Y56,Inclisiran,Inclisiran 284mg/1.5ml inj pre-filled syringes,136,138.0,11034189,1.2325328123344633e-05
2024-12-01,Y61,Inclisiran,Inclisiran 284mg/1.5ml inj pre-filled syringes,219,220.0,7332577,2.9866716708191403e-05
2023-07-01,Y59,Inclisiran,Inclisiran 284mg/1.5ml inj pre-filled syringes,96,100.0,9717283,9.879304739812559e-06
2025-03-01,Y58,Inclisiran,Inclisiran 284mg/1.5ml inj pre-filled syringes,482,483.0,6149586,7.837926000221804e-05
2021-11-01,Y63,Inclisiran,Inclisiran 284mg/1.5ml inj pre-filled syringes,1,1.0,8999723,1.1111453096945317e-07
2025-01-01,Y62,Inclisiran,Leqvio 284mg/1.5ml inj pre-filled syringes,71,71.0,7965242,8.913727919377716e-06
2023-02-01,Y63,Inclisiran,Inclisiran 284mg/1.5ml inj pre-filled syringes,102,104.0,9104690,1.120301734600519e-05
2024-01-01,Y56,Inclisiran,Leqvio 284mg/1.5ml inj pre-filled syringes,12,12.0,11000186,1.0908906449400037e-06
2023-01-01,Y61,Inclisiran,Leqvio 284mg/1.5ml inj pre-filled syringes,1,1.0,7153749,1.397868446320943e-07
2025-05-01,Y62,Inclisiran,Leqvio 284mg/1.5ml inj pre-filled syringes,59,59.0,7973347,7.399652868487976e-06
2023-09-01,Y62,Inclisiran,Leqvio 284mg/1.5ml inj pre-filled syringes,40,40.0,7818502,5.116069548872661e-06
2023-12-01,Y63,Inclisiran,Leqvio 284mg/1.5ml inj pre-filled syringes,140,140.0,9196162,1.5223742252474456e-05
2024-10-01,Y63,Inclisiran,Inclisiran 284mg/1.5ml inj pre-filled syringes,453,458.0,9256322,4.893952479181256e-05
2024-07-01,Y59,Inclisiran,Leqvio 284mg/1.5ml inj pre-filled syringes,22,22.0,9831554,2.237693044253228e-06
2024-08-01,Y59,Inclisiran,Inclisiran 284mg/1.5ml inj pre-filled syringes,268,270.0,9839847,2.723619584735413e-05
2023-05-01,Y60,Inclisiran,Leqvio 284mg/1.5ml inj pre-filled syringes,11,11.0,11745819,9.365034485888128e-07
2024-11-01,Y62,Inclisiran,Inclisiran 284mg/1.5ml inj pre-filled syringes,675,675.0,7958342,8.481666156091306e-05
2023-06-01,Y61,Inclisiran,Leqvio 284mg/1.5ml inj pre-filled syringes,12,12.0,7190761,1.66880807191339e-06
2022-01-01,Y63,Inclisiran,Inclisiran 284mg/1.5ml inj pre-filled syringes,8,8.0,9015292,8.873811297515377e-07
2022-05-01,Y61,Inclisiran,Leqvio 284mg/1.5ml inj pre-filled syringes,1,1.0,7098354,1.4087773024563159e-07
2025-05-01,Y58,Inclisiran,Leqvio 284mg/1.5ml inj pre-filled syringes,139,139.0,6149182,2.2604632616175616e-05
2025-01-01,Y63,Inclisiran,Leqvio 284mg/1.5ml inj pre-filled syringes,227,227.0,9274875,2.447472337902128e-05
2023-09-01,Y60,Inclisiran,Leqvio 284mg/1.5ml inj pre-filled syringes,37,37.0,11795913,3.13667962793554e-06
2023-07-01,Y60,Inclisiran,Inclisiran 284mg/1.5ml inj pre-filled syringes,251,256.0,11772480,2.132091114191742e-05
2022-09-01,Y60,Inclisiran,Inclisiran 284mg/1.5ml inj pre-filled syringes,35,35.0,11617971,3.0125742266011855e-06
2025-06-01,Y61,Inclisiran,Inclisiran 284mg/1.5ml inj pre-filled syringes,298,300.0,7348961,4.054994985005363e-05
2024-04-01,Y60,Inclisiran,Inclisiran 284mg/1.5ml inj pre-filled syringes,411,414.0,11916420,3.44902244130368e-05
2024-08-01,Y58,Inclisiran,Leqvio 284mg/1.5ml inj pre-filled syringes,135,135.0,6129073,2.2026169373410956e-05
2025-05-01,Y63,Inclisiran,Leqvio 284mg/1.5ml inj pre-filled syringes,206,206.0,9275049,2.2210125251090318e-05
2023-12-01,Y63,Inclisiran,Inclisiran 284mg/1.5ml inj pre-filled syringes,269,270.0,9196162,2.9251333327968778e-05
2025-03-01,Y60,Inclisiran,Inclisiran 284mg/1.5ml inj pre-filled syringes,541,548.0,12018637,4.5013423735154e-05
2022-06-01,Y58,Inclisiran,Leqvio 284mg/1.5ml inj pre-filled syringes,18,19.0,6006933,2.9965375009176896e-06
2025-05-01,Y58,Inclisiran,Inclisiran 284mg/1.5ml inj pre-filled syringes,490,491.0,6149182,7.968539555342483e-05
2024-05-01,Y61,Inclisiran,Leqvio 284mg/1.5ml inj pre-filled syringes,123,123.0,7287451,1.687832961072397e-05
2024-05-01,Y62,Inclisiran,Leqvio 284mg/1.5ml inj pre-filled syringes,84,84.0,7906980,1.0623525037372043e-05
2024-12-01,Y62,Inclisiran,Inclisiran 284mg/1.5ml inj pre-filled syringes,690,692.0,7963722,8.664290390849906e-05
2022-07-01,Y61,Inclisiran,Inclisiran 284mg/1.5ml inj pre-filled syringes,13,13.0,7104254,1.8298895281615776e-06
2024-03-01,Y61,Inclisiran,Inclisiran 284mg/1.5ml inj pre-filled syringes,139,139.0,7271415,1.9115949234089927e-05
2025-05-01,Y56,Inclisiran,Inclisiran 284mg/1.5ml inj pre-filled syringes,245,255.0,11122723,2.2026980263735776e-05
2022-06-01,Y60,Inclisiran,Leqvio 284mg/1.5ml inj pre-filled syringes,2,2.0,11547486,1.731978718138303e-07
2025-05-01,Y60,Inclisiran,Inclisiran 284mg/1.5ml inj pre-filled syringes,579,585.0,12021740,4.816274516001843e-05
2024-04-01,Y63,Inclisiran,Leqvio 284mg/1.5ml inj pre-filled syringes,149,150.0,9215518,1.616838033412772e-05
2022-04-01,Y60,Inclisiran,Leqvio 284mg/1.5ml inj pre-filled syringes,4,4.0,11532432,3.4684791551339733e-07
2022-04-01,Y61,Inclisiran,Leqvio 284mg/1.5ml inj pre-filled syringes,2,2.0,7094078,2.8192529036190467e-07
2024-10-01,Y56,Inclisiran,Inclisiran 284mg/1.5ml inj pre-filled syringes,195,199.0,11073203,1.7610080841108034e-05
2022-09-01,Y63,Inclisiran,Inclisiran 284mg/1.5ml inj pre-filled syringes,49,49.0,9041415,5.419505685780379e-06
2022-10-01,Y60,Inclisiran,Inclisiran 284mg/1.5ml inj pre-filled syringes,57,57.0,11641961,4.8960823696282785e-06
2023-09-01,Y56,Inclisiran,Inclisiran 284mg/1.5ml inj pre-filled syringes,50,55.0,10916109,4.580386656087805e-06
2023-10-01,Y56,Inclisiran,Leqvio 284mg/1.5ml inj pre-filled syringes,2,2.0,10927943,1.8301706002675892e-07
2023-03-01,Y60,Inclisiran,Inclisiran 284mg/1.5ml inj pre-filled syringes,127,129.0,11722730,1.0833653935559378e-05
2022-01-01,Y60,Inclisiran,Inclisiran 284mg/1.5ml inj pre-filled syringes,6,6.0,11501527,5.216698617496616e-07
2024-06-01,Y62,Inclisiran,Inclisiran 284mg/1.5ml inj pre-filled syringes,607,609.0,7913412,7.670521893716642e-05
2021-12-01,Y62,Inclisiran,Inclisiran 284mg/1.5ml inj pre-filled syringes,1,1.0,7696290,1.2993273382369948e-07
2024-09-01,Y62,Inclisiran,Inclisiran 284mg/1.5ml inj pre-filled syringes,580,581.0,7930980,7.313093716035092e-05
2024-01-01,Y63,Inclisiran,Inclisiran 284mg/1.5ml inj pre-filled syringes,424,429.0,9201868,4.6077600765409804e-05
2024-01-01,Y63,Inclisiran,Leqvio 284mg/1.5ml inj pre-filled syringes,173,173.0,9201868,1.880053050098089e-05
2025-05-01,Y59,Inclisiran,Leqvio 284mg/1.5ml inj pre-filled syringes,44,45.0,9885194,4.451101313742553e-06
2024-12-01,Y60,Inclisiran,Leqvio 284mg/1.5ml inj pre-filled syringes,67,67.0,12008375,5.579439349620578e-06
2024-07-01,Y62,Inclisiran,Leqvio 284mg/1.5ml inj pre-filled syringes,63,63.0,7919488,7.95505972103247e-06
2025-02-01,Y61,Inclisiran,Leqvio 284mg/1.5ml inj pre-filled syringes,154,154.0,7341176,2.0977565447279835e-05
2025-01-01,Y56,Inclisiran,Inclisiran 284mg/1.5ml inj pre-filled syringes,217,221.0,11108527,1.953454314870009e-05
2025-06-01,Y60,Inclisiran,Inclisiran 284mg/1.5ml inj pre-filled syringes,691,694.0,12023842,5.746915170708331e-05
2023-01-01,Y63,Inclisiran,Leqvio 284mg/1.5ml inj pre-filled syringes,11,11.0,9097409,1.2091354802229953e-06
2022-07-01,Y60,Inclisiran,Leqvio 284mg/1.5ml inj pre-filled syringes,1,1.0,11599656,8.620945310791976e-08
2025-05-01,Y59,Inclisiran,Inclisiran 284mg/1.5ml inj pre-filled syringes,469,476.0,9885194,4.744469354875585e-05
2024-02-01,Y59,Inclisiran,Leqvio 284mg/1.5ml inj pre-filled syringes,25,25.0,9794496,2.552453949646822e-06
2024-11-01,Y62,Inclisiran,Leqvio 284mg/1.5ml inj pre-filled syringes,58,58.0,7958342,7.287950178567345e-06
2023-06-01,Y59,Inclisiran,Leqvio 284mg/1.5ml inj pre-filled syringes,9,9.0,9708118,9.270591890209822e-07
2025-01-01,Y60,Inclisiran,Inclisiran 284mg/1.5ml inj pre-filled syringes,502,504.0,12011183,4.17943844498914e-05
2023-04-01,Y60,Inclisiran,Inclisiran 284mg/1.5ml inj pre-filled syringes,121,123.0,11736336,1.0309861612687299e-05
2024-04-01,Y61,Inclisiran,Inclisiran 284mg/1.5ml inj pre-filled syringes,114,114.0,7276535,1.566679745235885e-05
2024-10-01,Y60,Inclisiran,Leqvio 284mg/1.5ml inj pre-filled syringes,179,179.0,11986533,1.4933425703662602e-05
2023-12-01,Y58,Inclisiran,Leqvio 284mg/1.5ml inj pre-filled syringes,70,72.0,6103737,1.1468384040793369e-05
2024-03-01,Y56,Inclisiran,Leqvio 284mg/1.5ml inj pre-filled syringes,17,17.0,11015462,1.543285247591068e-06
2023-03-01,Y59,Inclisiran,Inclisiran 284mg/1.5ml inj pre-filled syringes,71,72.0,9689907,7.3272117059534215e-06
2024-01-01,Y61,Inclisiran,Leqvio 284mg/1.5ml inj pre-filled syringes,59,59.0,7256123,8.131063930421245e-06
2023-12-01,Y59,Inclisiran,Inclisiran 284mg/1.5ml inj pre-filled syringes,205,206.0,9779654,2.0961886790677872e-05
2024-02-01,Y62,Inclisiran,Leqvio 284mg/1.5ml inj pre-filled syringes,38,39.0,7879575,4.822595127275265e-06
2025-03-01,Y59,Inclisiran,Inclisiran 284mg/1.5ml inj pre-filled syringes,354,355.0,9881533,3.58244009305034e-05
2023-02-01,Y62,Inclisiran,Inclisiran 284mg/1.5ml inj pre-filled syringes,82,86.0,7770596,1.0552601113222204e-05
2022-07-01,Y58,Inclisiran,Leqvio 284mg/1.5ml inj pre-filled syringes,7,7.0,6011587,1.1644179814747752e-06
2024-12-01,Y61,Inclisiran,Leqvio 284mg/1.5ml inj pre-filled syringes,163,163.0,7332577,2.2229565403813693e-05
2022-02-01,Y58,Inclisiran,Leqvio 284mg/1.5ml inj pre-filled syringes,3,3.0,5994005,5.005000829995971e-07
2024-04-01,Y60,Inclisiran,Leqvio 284mg/1.5ml inj pre-filled syringes,60,60.0,11916420,5.035069257377635e-06
2023-01-01,Y61,Inclisiran,Inclisiran 284mg/1.5ml inj pre-filled syringes,29,29.0,7153749,4.053818494330735e-06
2023-07-01,Y56,Inclisiran,Inclisiran 284mg/1.5ml inj pre-filled syringes,39,40.0,10885612,3.582710829671313e-06
2022-10-01,Y63,Inclisiran,Inclisiran 284mg/1.5ml inj pre-filled syringes,70,70.0,9060308,7.726006665557065e-06
2024-03-01,Y58,Inclisiran,Inclisiran 284mg/1.5ml inj pre-filled syringes,321,321.0,6114464,5.249846920351481e-05
2024-09-01,Y59,Inclisiran,Inclisiran 284mg/1.5ml inj pre-filled syringes,254,256.0,9845426,2.579878209434513e-05
2024-05-01,Y60,Inclisiran,Leqvio 284mg/1.5ml inj pre-filled syringes,51,51.0,11935664,4.272908486700028e-06
2022-12-01,Y58,Inclisiran,Leqvio 284mg/1.5ml inj pre-filled syringes,18,18.0,6041563,2.9793614665608883e-06
2022-05-01,Y56,Inclisiran,Inclisiran 284mg/1.5ml inj pre-filled syringes,8,8.0,10669364,7.498103916971996e-07
2023-06-01,Y62,Inclisiran,Inclisiran 284mg/1.5ml inj pre-filled syringes,125,127.0,7797392,1.6031001134738384e-05
2024-11-01,Y63,Inclisiran,Inclisiran 284mg/1.5ml inj pre-filled syringes,409,409.0,9268562,4.4127665111373264e-05
2025-03-01,Y58,Inclisiran,Leqvio 284mg/1.5ml inj pre-filled syringes,88,88.0,6149586,1.4309906390446447e-05
2023-04-01,Y63,Inclisiran,Inclisiran 284mg/1.5ml inj pre-filled syringes,109,114.0,9118172,1.1954150459105181e-05
2022-12-01,Y61,Inclisiran,Inclisiran 284mg/1.5ml inj pre-filled syringes,12,13.0,7148133,1.6787600342634923e-06
2022-07-01,Y63,Inclisiran,Inclisiran 284mg/1.5ml inj pre-filled syringes,42,44.0,9035267,4.648451451407025e-06
2023-11-01,Y60,Inclisiran,Inclisiran 284mg/1.5ml inj pre-filled syringes,304,310.0,11850665,2.5652568864278926e-05
2023-12-01,Y59,Inclisiran,Leqvio 284mg/1.5ml inj pre-filled syringes,17,17.0,9779654,1.7383028070318235e-06
2025-04-01,Y58,Inclisiran,Leqvio 284mg/1.5ml inj pre-filled syringes,90,90.0,6149150,1.463616922664108e-05
2023-07-01,Y59,Inclisiran,Leqvio 284mg/1.5ml inj pre-filled syringes,4,4.0,9717283,4.1163769749218994e-07
2022-12-01,Y62,Inclisiran,Inclisiran 284mg/1.5ml inj pre-filled syringes,53,53.0,7758871,6.830890731396359e-06
2021-11-01,Y58,Inclisiran,Inclisiran 284mg/1.5ml inj pre-filled syringes,4,4.0,5975469,6.694035229703308e-07
2024-09-01,Y62,Inclisiran,Leqvio 284mg/1.5ml inj pre-filled syringes,78,79.0,7930980,9.834850169840297e-06
2025-06-01,Y59,Inclisiran,Leqvio 284mg/1.5ml inj pre-filled syringes,50,50.0,9887419,5.056931439842895e-06
2025-03-01,Y62,Inclisiran,Inclisiran 284mg/1.5ml inj pre-filled syringes,817,817.0,7970396,0.00010250431722589442
2025-04-01,Y61,Inclisiran,Inclisiran 284mg/1.5ml inj pre-filled syringes,275,280.0,7342352,3.745393846549444e-05
2022-06-01,Y61,Inclisiran,Inclisiran 284mg/1.5ml inj pre-filled syringes,13,13.0,7106121,1.829408759012125e-06
2024-04-01,Y61,Inclisiran,Leqvio 284mg/1.5ml inj pre-filled syringes,89,89.0,7276535,1.2231096256666119e-05
2022-11-01,Y59,Inclisiran,Inclisiran 284mg/1.5ml inj pre-filled syringes,47,47.0,9658790,4.866033944210403e-06
2023-12-01,Y60,Inclisiran,Inclisiran 284mg/1.5ml inj pre-filled syringes,473,474.0,11870115,3.984797114434022e-05
2023-08-01,Y60,Inclisiran,Leqvio 284mg/1.5ml inj pre-filled syringes,28,28.0,11786106,2.3756786168391834e-06
2024-06-01,Y59,Inclisiran,Inclisiran 284mg/1.5ml inj pre-filled syringes,281,281.0,9824332,2.8602453581576844e-05
2024-03-01,Y63,Inclisiran,Inclisiran 284mg/1.5ml inj pre-filled syringes,347,350.0,9213457,3.766230200021555e-05
2025-05-01,Y56,Inclisiran,Leqvio 284mg/1.5ml inj pre-filled syringes,8,8.0,11122723,7.192483351423927e-07
2023-12-01,Y56,Inclisiran,Leqvio 284mg/1.5ml inj pre-filled syringes,4,4.0,10985551,3.641146447729386e-07
2024-02-01,Y61,Inclisiran,Leqvio 284mg/1.5ml inj pre-filled syringes,104,104.0,7265282,1.4314654269441985e-05
2024-03-01,Y62,Inclisiran,Leqvio 284mg/1.5ml inj pre-filled syringes,33,33.0,7886583,4.184321651087676e-06
2023-07-01,Y58,Inclisiran,Inclisiran 284mg/1.5ml inj pre-filled syringes,210,215.0,6067324,3.4611634387746556e-05
2021-12-01,Y61,Inclisiran,Leqvio 284mg/1.5ml inj pre-filled syringes,1,1.0,7073995,1.4136283669977149e-07
2024-01-01,Y59,Inclisiran,Inclisiran 284mg/1.5ml inj pre-filled syringes,220,223.0,9783732,2.248630686122637e-05
2023-09-01,Y63,Inclisiran,Leqvio 284mg/1.5ml inj pre-filled syringes,55,55.0,9141465,6.016541112392817e-06
2024-05-01,Y62,Inclisiran,Inclisiran 284mg/1.5ml inj pre-filled syringes,576,580.0,7906980,7.284702882769402e-05
2025-04-01,Y58,Inclisiran,Inclisiran 284mg/1.5ml inj pre-filled syringes,467,468.0,6149150,7.594545587601538e-05
2024-02-01,Y58,Inclisiran,Inclisiran 284mg/1.5ml inj pre-filled syringes,343,353.0,6111768,5.6121240204143875e-05
2022-12-01,Y63,Inclisiran,Inclisiran 284mg/1.5ml inj pre-filled syringes,87,87.0,9093747,9.567013465406504e-06
2023-05-01,Y59,Inclisiran,Inclisiran 284mg/1.5ml inj pre-filled syringes,85,87.0,9700457,8.762473767988457e-06
2024-08-01,Y59,Inclisiran,Leqvio 284mg/1.5ml inj pre-filled syringes,34,35.0,9839847,3.4553382791419418e-06
2023-02-01,Y60,Inclisiran,Leqvio 284mg/1.5ml inj pre-filled syringes,2,2.0,11708347,1.7081830594873896e-07
2022-10-01,Y63,Inclisiran,Leqvio 284mg/1.5ml inj pre-filled syringes,6,6.0,9060308,6.622291427620342e-07
2023-04-01,Y59,Inclisiran,Leqvio 284mg/1.5ml inj pre-filled syringes,6,6.0,9694558,6.189039252743653e-07
2022-05-01,Y59,Inclisiran,Inclisiran 284mg/1.5ml inj pre-filled syringes,12,12.0,9588746,1.2514670844341898e-06
2024-09-01,Y63,Inclisiran,Leqvio 284mg/1.5ml inj pre-filled syringes,143,143.0,9238877,1.547807163143313e-05
2024-02-01,Y56,Inclisiran,Leqvio 284mg/1.5ml inj pre-filled syringes,6,6.0,11014884,5.44717493166519e-07
2025-06-01,Y56,Inclisiran,Inclisiran 284mg/1.5ml inj pre-filled syringes,217,223.0,11130730,1.9495576660290925e-05
2023-09-01,Y61,Inclisiran,Inclisiran 284mg/1.5ml inj pre-filled syringes,76,77.0,7219124,1.0527593098553232e-05
2024-05-01,Y61,Inclisiran,Inclisiran 284mg/1.5ml inj pre-filled syringes,187,188.0,7287451,2.5660549895978716e-05
2025-03-01,Y59,Inclisiran,Leqvio 284mg/1.5ml inj pre-filled syringes,43,43.0,9881533,4.351551525456627e-06
2024-04-01,Y62,Inclisiran,Leqvio 284mg/1.5ml inj pre-filled syringes,73,73.0,7890348,9.251809932844533e-06
2022-08-01,Y59,Inclisiran,Inclisiran 284mg/1.5ml inj pre-filled syringes,43,43.0,9616291,4.471578491125112e-06
2024-11-01,Y60,Inclisiran,Inclisiran 284mg/1.5ml inj pre-filled syringes,466,472.0,12001351,3.882896183937958e-05
2025-01-01,Y62,Inclisiran,Inclisiran 284mg/1.5ml inj pre-filled syringes,876,880.0,7965242,0.00010997782616020957
2023-04-01,Y59,Inclisiran,Inclisiran 284mg/1.5ml inj pre-filled syringes,59,59.0,9694558,6.085888598531258e-06
2022-05-01,Y61,Inclisiran,Inclisiran 284mg/1.5ml inj pre-filled syringes,16,16.0,7098354,2.2540436839301054e-06
2022-01-01,Y61,Inclisiran,Inclisiran 284mg/1.5ml inj pre-filled syringes,2,2.0,7081025,2.82444985012763e-07
2022-10-01,Y60,Inclisiran,Leqvio 284mg/1.5ml inj pre-filled syringes,2,2.0,11641961,1.7179236384660625e-07
2023-08-01,Y58,Inclisiran,Leqvio 284mg/1.5ml inj pre-filled syringes,81,81.0,6070759,1.3342647929196333e-05
2025-04-01,Y59,Inclisiran,Inclisiran 284mg/1.5ml inj pre-filled syringes,408,413.0,9884038,4.1278675780080976e-05
2024-12-01,Y58,Inclisiran,Inclisiran 284mg/1.5ml inj pre-filled syringes,388,388.0,6149594,6.309359609756351e-05
2024-08-01,Y60,Inclisiran,Leqvio 284mg/1.5ml inj pre-filled syringes,60,60.0,11957938,5.0175874803833234e-06
2023-02-01,Y56,Inclisiran,Inclisiran 284mg/1.5ml inj pre-filled syringes,35,37.0,10827701,3.2324498062885187e-06
2022-06-01,Y58,Inclisiran,Inclisiran 284mg/1.5ml inj pre-filled syringes,102,104.0,6006933,1.698037917186691e-05
2024-08-01,Y63,Inclisiran,Inclisiran 284mg/1.5ml inj pre-filled syringes,421,425.0,9236082,4.558209855650914e-05
2024-11-01,Y61,Inclisiran,Inclisiran 284mg/1.5ml inj pre-filled syringes,205,207.0,7327234,2.7977815366617197e-05
2023-04-01,Y60,Inclisiran,Leqvio 284mg/1.5ml inj pre-filled syringes,2,2.0,11736336,1.7041093574689749e-07
2022-10-01,Y62,Inclisiran,Inclisiran 284mg/1.5ml inj pre-filled syringes,34,34.0,7732308,4.39713472355214e-06
2023-10-01,Y59,Inclisiran,Inclisiran 284mg/1.5ml inj pre-filled syringes,147,148.0,9749819,1.5077202971665423e-05
2025-06-01,Y56,Inclisiran,Leqvio 284mg/1.5ml inj pre-filled syringes,11,11.0,11130730,9.882550380792635e-07
2023-04-01,Y62,Inclisiran,Leqvio 284mg/1.5ml inj pre-filled syringes,4,4.0,7782911,5.139465169266358e-07
2024-01-01,Y62,Inclisiran,Inclisiran 284mg/1.5ml inj pre-filled syringes,744,748.0,7869820,9.453837571888556e-05
2025-01-01,Y60,Inclisiran,Leqvio 284mg/1.5ml inj pre-filled syringes,62,62.0,12011183,5.161856246799337e-06
2023-01-01,Y63,Inclisiran,Inclisiran 284mg/1.5ml inj pre-filled syringes,86,86.0,9097409,9.453241027197964e-06
2022-02-01,Y63,Inclisiran,Inclisiran 284mg/1.5ml inj pre-filled syringes,10,10.0,9020008,1.108646466832402e-06
2022-09-01,Y58,Inclisiran,Leqvio 284mg/1.5ml inj pre-filled syringes,23,24.0,6018753,3.821389580200417e-06
2025-02-01,Y60,Inclisiran,Leqvio 284mg/1.5ml inj pre-filled syringes,51,51.0,12018023,4.243626426742569e-06
2023-03-01,Y62,Inclisiran,Inclisiran 284mg/1.5ml inj pre-filled syringes,85,90.0,7777533,1.0928915377151083e-05
2025-03-01,Y56,Inclisiran,Inclisiran 284mg/1.5ml inj pre-filled syringes,211,215.0,11120160,1.897454712881829e-05
2022-08-01,Y63,Inclisiran,Inclisiran 284mg/1.5ml inj pre-filled syringes,63,63.0,9036981,6.971354703523223e-06
2022-08-01,Y58,Inclisiran,Leqvio 284mg/1.5ml inj pre-filled syringes,29,29.0,6014193,4.821927064861404e-06
2024-11-01,Y60,Inclisiran,Leqvio 284mg/1.5ml inj pre-filled syringes,76,76.0,12001351,6.3326203858215625e-06
2023-03-01,Y59,Inclisiran,Leqvio 284mg/1.5ml inj pre-filled syringes,5,5.0,9689907,5.16000824362917e-07
2023-06-01,Y56,Inclisiran,Leqvio 284mg/1.5ml inj pre-filled syringes,4,5.0,10869769,3.67993100865345e-07
2023-08-01,Y59,Inclisiran,Inclisiran 284mg/1.5ml inj pre-filled syringes,125,127.0,9725435,1.2852895526009891e-05
2024-10-01,Y63,Inclisiran,Leqvio 284mg/1.5ml inj pre-filled syringes,179,179.0,9256322,1.9338134520385096e-05
2024-10-01,Y61,Inclisiran,Leqvio 284mg/1.5ml inj pre-filled syringes,135,135.0,7316007,1.845268874127649e-05
2024-12-01,Y58,Inclisiran,Leqvio 284mg/1.5ml inj pre-filled syringes,119,119.0,6149594,1.935087096806716e-05
2025-01-01,Y56,Inclisiran,Leqvio 284mg/1.5ml inj pre-filled syringes,15,15.0,11108527,1.350314042536873e-06
2022-09-01,Y61,Inclisiran,Inclisiran 284mg/1.5ml inj pre-filled syringes,19,19.0,7119310,2.6687979593528024e-06
2023-10-01,Y58,Inclisiran,Leqvio 284mg/1.5ml inj pre-filled syringes,96,96.0,6086089,1.5773676658359745e-05
2023-09-01,Y59,Inclisiran,Inclisiran 284mg/1.5ml inj pre-filled syringes,103,103.0,9733723,1.058176814770669e-05
2024-12-01,Y63,Inclisiran,Leqvio 284mg/1.5ml inj pre-filled syringes,226,226.0,9274268,2.4368500026093703e-05
2023-05-01,Y56,Inclisiran,Inclisiran 284mg/1.5ml inj pre-filled syringes,24,24.0,10855197,2.2109225654771628e-06
2025-03-01,Y63,Inclisiran,Inclisiran 284mg/1.5ml inj pre-filled syringes,535,544.0,9275864,5.76765679186327e-05
2022-09-01,Y63,Inclisiran,Leqvio 284mg/1.5ml inj pre-filled syringes,8,8.0,9041415,8.848172548212863e-07
2025-01-01,Y61,Inclisiran,Inclisiran 284mg/1.5ml inj pre-filled syringes,249,251.0,7336059,3.394192985634385e-05
2025-03-01,Y62,Inclisiran,Leqvio 284mg/1.5ml inj pre-filled syringes,73,73.0,7970396,9.158892481628266e-06
2024-06-01,Y59,Inclisiran,Leqvio 284mg/1.5ml inj pre-filled syringes,39,39.0,9824332,3.96973555046796e-06
2025-06-01,Y58,Inclisiran,Inclisiran 284mg/1.5ml inj pre-filled syringes,596,597.0,6149582,9.691715632054342e-05
2023-04-01,Y58,Inclisiran,Leqvio 284mg/1.5ml inj pre-filled syringes,49,49.0,6057141,8.089625121819023e-06
2022-05-01,Y60,Inclisiran,Inclisiran 284mg/1.5ml inj pre-filled syringes,22,23.0,11537152,1.9068830851842812e-06
2022-10-01,Y59,Inclisiran,Inclisiran 284mg/1.5ml inj pre-filled syringes,51,52.0,9640832,5.289999867231376e-06
2024-09-01,Y61,Inclisiran,Leqvio 284mg/1.5ml inj pre-filled syringes,129,131.0,7311596,1.7643206763612213e-05
2023-11-01,Y61,Inclisiran,Inclisiran 284mg/1.5ml inj pre-filled syringes,66,67.0,7238687,9.117675622664718e-06
2023-11-01,Y58,Inclisiran,Inclisiran 284mg/1.5ml inj pre-filled syringes,284,284.0,6096670,4.658280667971204e-05
2022-04-01,Y59,Inclisiran,Inclisiran 284mg/1.5ml inj pre-filled syringes,8,8.0,9582631,8.348437918563284e-07
2025-04-01,Y61,Inclisiran,Leqvio 284mg/1.5ml inj pre-filled syringes,160,160.0,7342352,2.1791382379924035e-05
2024-07-01,Y62,Inclisiran,Inclisiran 284mg/1.5ml inj pre-filled syringes,599,604.0,7919488,7.563620274441984e-05
2024-06-01,Y62,Inclisiran,Leqvio 284mg/1.5ml inj pre-filled syringes,84,84.0,7913412,1.0614890264780856e-05
2022-12-01,Y60,Inclisiran,Inclisiran 284mg/1.5ml inj pre-filled syringes,70,71.0,11686306,5.989916745291455e-06
2022-09-01,Y59,Inclisiran,Inclisiran 284mg/1.5ml inj pre-filled syringes,28,30.0,9626061,2.9087702643895565e-06
2024-01-01,Y60,Inclisiran,Inclisiran 284mg/1.5ml inj pre-filled syringes,393,399.0,11881124,3.307767850920502e-05
2024-05-01,Y60,Inclisiran,Inclisiran 284mg/1.5ml inj pre-filled syringes,478,478.0,11935664,4.004804424789438e-05
2023-10-01,Y59,Inclisiran,Leqvio 284mg/1.5ml inj pre-filled syringes,17,17.0,9749819,1.7436221123694706e-06
2022-12-01,Y59,Inclisiran,Inclisiran 284mg/1.5ml inj pre-filled syringes,37,37.0,9671305,3.8257505062657e-06
2023-03-01,Y58,Inclisiran,Inclisiran 284mg/1.5ml inj pre-filled syringes,194,197.0,6053871,3.204561180771774e-05
2024-08-01,Y62,Inclisiran,Leqvio 284mg/1.5ml inj pre-filled syringes,67,67.0,7925048,8.45420746978441e-06
2024-06-01,Y63,Inclisiran,Inclisiran 284mg/1.5ml inj pre-filled syringes,419,421.0,9229501,4.5397903960354954e-05
2022-04-01,Y58,Inclisiran,Leqvio 284mg/1.5ml inj pre-filled syringes,7,7.0,6000161,1.166635361951121e-06
2022-11-01,Y60,Inclisiran,Inclisiran 284mg/1.5ml inj pre-filled syringes,87,89.0,11666159,7.457467363508418e-06
2022-05-01,Y58,Inclisiran,Leqvio 284mg/1.5ml inj pre-filled syringes,13,13.0,6001148,2.166252190414234e-06
2022-06-01,Y59,Inclisiran,Inclisiran 284mg/1.5ml inj pre-filled syringes,16,16.0,9599810,1.6666996534306408e-06
2023-12-01,Y61,Inclisiran,Inclisiran 284mg/1.5ml inj pre-filled syringes,98,100.0,7250533,1.3516247702065489e-05
2023-11-01,Y60,Inclisiran,Leqvio 284mg/1.5ml inj pre-filled syringes,78,78.0,11850665,6.581909116492619e-06
2024-11-01,Y56,Inclisiran,Inclisiran 284mg/1.5ml inj pre-filled syringes,154,156.0,11098349,1.3875937763355613e-05
2024-04-01,Y62,Inclisiran,Inclisiran 284mg/1.5ml inj pre-filled syringes,577,582.0,7890348,7.312731960618213e-05
2024-10-01,Y62,Inclisiran,Leqvio 284mg/1.5ml inj pre-filled syringes,52,52.0,7946789,6.543523428141857e-06
2024-07-01,Y61,Inclisiran,Leqvio 284mg/1.5ml inj pre-filled syringes,90,90.0,7299401,1.2329778840756933e-05
2022-03-01,Y61,Inclisiran,Inclisiran 284mg/1.5ml inj pre-filled syringes,16,17.0,7089642,2.2568135316282543e-06
2023-06-01,Y61,Inclisiran,Inclisiran 284mg/1.5ml inj pre-filled syringes,37,37.0,7190761,5.1454915550662855e-06
2024-03-01,Y58,Inclisiran,Leqvio 284mg/1.5ml inj pre-filled syringes,85,85.0,6114464,1.3901463807784296e-05
2025-06-01,Y58,Inclisiran,Leqvio 284mg/1.5ml inj pre-filled syringes,124,124.0,6149582,2.0163972120381514e-05
2024-12-01,Y56,Inclisiran,Inclisiran 284mg/1.5ml inj pre-filled syringes,183,184.0,11103147,1.6481813669583947e-05
2022-12-01,Y56,Inclisiran,Inclisiran 284mg/1.5ml inj pre-filled syringes,21,21.0,10797028,1.9449796740362257e-06
2024-03-01,Y63,Inclisiran,Leqvio 284mg/1.5ml inj pre-filled syringes,163,163.0,9213457,1.7691513619697795e-05
2022-08-01,Y58,Inclisiran,Inclisiran 284mg/1.5ml inj pre-filled syringes,109,111.0,6014193,1.812379482999631e-05
2022-02-01,Y61,Inclisiran,Inclisiran 284mg/1.5ml inj pre-filled syringes,14,16.0,7086159,1.975682453639553e-06
2024-01-01,Y59,Inclisiran,Leqvio 284mg/1.5ml inj pre-filled syringes,15,15.0,9783732,1.533157285992707e-06
2024-07-01,Y58,Inclisiran,Leqvio 284mg/1.5ml inj pre-filled syringes,103,103.0,6126251,1.6812892583082215e-05
2022-11-01,Y58,Inclisiran,Inclisiran 284mg/1.5ml inj pre-filled syringes,150,152.0,6034823,2.4855741419425225e-05
2022-02-01,Y61,Inclisiran,Leqvio 284mg/1.5ml inj pre-filled syringes,1,1.0,7086159,1.4112017525996805e-07
2022-03-01,Y56,Inclisiran,Inclisiran 284mg/1.5ml inj pre-filled syringes,13,14.0,10647546,1.220938608764874e-06
2025-01-01,Y58,Inclisiran,Leqvio 284mg/1.5ml inj pre-filled syringes,136,136.0,6150482,2.2112088125776158e-05
2024-04-01,Y59,Inclisiran,Inclisiran 284mg/1.5ml inj pre-filled syringes,260,261.0,9805394,2.6516017612346838e-05
2023-03-01,Y61,Inclisiran,Leqvio 284mg/1.5ml inj pre-filled syringes,2,2.0,7171251,2.788913677683294e-07
2022-06-01,Y56,Inclisiran,Inclisiran 284mg/1.5ml inj pre-filled syringes,9,9.0,10682806,8.424752822432608e-07
2023-09-01,Y61,Inclisiran,Leqvio 284mg/1.5ml inj pre-filled syringes,28,28.0,7219124,3.8785869310459275e-06
2023-11-01,Y59,Inclisiran,Inclisiran 284mg/1.5ml inj pre-filled syringes,161,163.0,9769367,1.6480085147789e-05
2022-12-01,Y61,Inclisiran,Leqvio 284mg/1.5ml inj pre-filled syringes,1,1.0,7148133,1.3989666952195768e-07
2022-03-01,Y58,Inclisiran,Leqvio 284mg/1.5ml inj pre-filled syringes,3,3.0,5996374,5.003023493864793e-07
2024-01-01,Y56,Inclisiran,Inclisiran 284mg/1.5ml inj pre-filled syringes,122,122.0,11000186,1.1090721556890039e-05
2025-06-01,Y63,Inclisiran,Inclisiran 284mg/1.5ml inj pre-filled syringes,540,543.0,9273184,5.823242588521914e-05
2022-09-01,Y56,Inclisiran,Inclisiran 284mg/1.5ml inj pre-filled syringes,13,14.0,10721755,1.2124880674852205e-06
2024-03-01,Y59,Inclisiran,Inclisiran 284mg/1.5ml inj pre-filled syringes,233,241.0,9799950,2.3775631508324023e-05
2025-02-01,Y59,Inclisiran,Inclisiran 284mg/1.5ml inj pre-filled syringes,427,429.0,9882898,4.3205950319430594e-05
2023-04-01,Y56,Inclisiran,Inclisiran 284mg/1.5ml inj pre-filled syringes,33,34.0,10850155,3.041431205360661e-06
2024-06-01,Y60,Inclisiran,Leqvio 284mg/1.5ml inj pre-filled syringes,130,130.0,11944759,1.0883434316255354e-05
2022-06-01,Y60,Inclisiran,Inclisiran 284mg/1.5ml inj pre-filled syringes,38,39.0,11547486,3.2907595644627758e-06
2023-06-01,Y59,Inclisiran,Inclisiran 284mg/1.5ml inj pre-filled syringes,95,97.0,9708118,9.785624772999256e-06
2025-02-01,Y56,Inclisiran,Leqvio 284mg/1.5ml inj pre-filled syringes,61,63.0,11117003,5.487090360594488e-06
2024-06-01,Y61,Inclisiran,Inclisiran 284mg/1.5ml inj pre-filled syringes,177,179.0,7292646,2.4271025907468975e-05
2022-07-01,Y62,Inclisiran,Inclisiran 284mg/1.5ml inj pre-filled syringes,17,17.0,7710089,2.2049032118825085e-06
2022-11-01,Y60,Inclisiran,Leqvio 284mg/1.5ml inj pre-filled syringes,5,5.0,11666159,4.2859007836255273e-07
2023-09-01,Y62,Inclisiran,Inclisiran 284mg/1.5ml inj pre-filled syringes,341,345.0,7818502,4.361449290413944e-05
2024-10-01,Y59,Inclisiran,Inclisiran 284mg/1.5ml inj pre-filled syringes,304,312.0,9857536,3.083934971173324e-05
2024-07-01,Y56,Inclisiran,Leqvio 284mg/1.5ml inj pre-filled syringes,30,30.0,11045722,2.715983617911079e-06
2022-08-01,Y63,Inclisiran,Leqvio 284mg/1.5ml inj pre-filled syringes,8,8.0,9036981,8.852513909235838e-07
2023-01-01,Y58,Inclisiran,Leqvio 284mg/1.5ml inj pre-filled syringes,22,22.0,6045664,3.6389716663049748e-06
2024-12-01,Y62,Inclisiran,Leqvio 284mg/1.5ml inj pre-filled syringes,81,81.0,7963722,1.0171123502302064e-05
2024-01-01,Y60,Inclisiran,Leqvio 284mg/1.5ml inj pre-filled syringes,32,32.0,11881124,2.6933478684339965e-06
2023-02-01,Y63,Inclisiran,Leqvio 284mg/1.5ml inj pre-filled syringes,12,12.0,9104690,1.318002040706493e-06
2024-02-01,Y60,Inclisiran,Leqvio 284mg/1.5ml inj pre-filled syringes,54,54.0,11897588,4.538735078067924e-06
2024-07-01,Y63,Inclisiran,Inclisiran 284mg/1.5ml inj pre-filled syringes,487,489.0,9231835,5.275224264731768e-05
2024-06-01,Y58,Inclisiran,Inclisiran 284mg/1.5ml inj pre-filled syringes,405,413.0,6124808,6.612452178092766e-05
2023-08-01,Y61,Inclisiran,Leqvio 284mg/1.5ml inj pre-filled syringes,30,30.0,7211002,4.160309482648875e-06
2022-02-01,Y62,Inclisiran,Inclisiran 284mg/1.5ml inj pre-filled syringes,3,3.0,7711129,3.890480888077479e-07
2024-04-01,Y58,Inclisiran,Inclisiran 284mg/1.5ml inj pre-filled syringes,353,354.0,6116668,5.771115908203617e-05
2024-06-01,Y58,Inclisiran,Leqvio 284mg/1.5ml inj pre-filled syringes,100,100.0,6124808,1.6327042415043867e-05
2022-03-01,Y63,Inclisiran,Inclisiran 284mg/1.5ml inj pre-filled syringes,15,15.0,9023074,1.6624046306170159e-06
2025-05-01,Y62,Inclisiran,Inclisiran 284mg/1.5ml inj pre-filled syringes,857,861.0,7973347,0.00010748309336091857
2023-08-01,Y63,Inclisiran,Leqvio 284mg/1.5ml inj pre-filled syringes,66,66.0,9137206,7.223214623813888e-06
2024-01-01,Y62,Inclisiran,Leqvio 284mg/1.5ml inj pre-filled syringes,80,80.0,7869820,1.016541674396619e-05
2025-02-01,Y58,Inclisiran,Inclisiran 284mg/1.5ml inj pre-filled syringes,408,410.0,6150966,6.63310445871429e-05
2024-06-01,Y60,Inclisiran,Inclisiran 284mg/1.5ml inj pre-filled syringes,429,436.0,11944759,3.591533324364267e-05
2023-03-01,Y63,Inclisiran,Leqvio 284mg/1.5ml inj pre-filled syringes,10,10.0,9113047,1.0973278202120542e-06
2023-11-01,Y62,Inclisiran,Inclisiran 284mg/1.5ml inj pre-filled syringes,483,486.0,7851857,6.151411061103125e-05
2024-11-01,Y58,Inclisiran,Leqvio 284mg/1.5ml inj pre-filled syringes,103,103.0,6145094,1.6761338394498116e-05
2025-04-01,Y56,Inclisiran,Inclisiran 284mg/1.5ml inj pre-filled syringes,208,212.0,11124285,1.8697830916773528e-05
2023-02-01,Y59,Inclisiran,Inclisiran 284mg/1.5ml inj pre-filled syringes,60,61.0,9684212,6.195651231096552e-06
2023-12-01,Y58,Inclisiran,Inclisiran 284mg/1.5ml inj pre-filled syringes,268,268.0,6103737,4.3907527470466046e-05
2025-04-01,Y56,Inclisiran,Leqvio 284mg/1.5ml inj pre-filled syringes,17,17.0,11124285,1.5281881037747594e-06
2024-12-01,Y59,Inclisiran,Inclisiran 284mg/1.5ml inj pre-filled syringes,318,322.0,9875570,3.2200672973813154e-05
2024-08-01,Y56,Inclisiran,Leqvio 284mg/1.5ml inj pre-filled syringes,10,10.0,11031060,9.065311946449389e-07
2023-02-01,Y58,Inclisiran,Leqvio 284mg/1.5ml inj pre-filled syringes,29,29.0,6050765,4.792782400241953e-06
2023-10-01,Y60,Inclisiran,Inclisiran 284mg/1.5ml inj pre-filled syringes,220,222.0,11820810,1.8611245760654305e-05
2024-09-01,Y61,Inclisiran,Inclisiran 284mg/1.5ml inj pre-filled syringes,186,186.0,7311596,2.5439042310324584e-05
2023-06-01,Y58,Inclisiran,Inclisiran 284mg/1.5ml inj pre-filled syringes,260,264.0,6062644,4.288557929510623e-05
2023-08-01,Y62,Inclisiran,Leqvio 284mg/1.5ml inj pre-filled syringes,43,43.0,7811759,5.504522092911468e-06
2023-06-01,Y60,Inclisiran,Leqvio 284mg/1.5ml inj pre-filled syringes,22,22.0,11759783,1.8707828197169964e-06
2022-08-01,Y56,Inclisiran,Inclisiran 284mg/1.5ml inj pre-filled syringes,16,16.0,10710176,1.493906355973982e-06
2022-11-01,Y61,Inclisiran,Inclisiran 284mg/1.5ml inj pre-filled syringes,14,15.0,7137624,1.9614370272236253e-06
2022-06-01,Y62,Inclisiran,Inclisiran 284mg/1.5ml inj pre-filled syringes,13,13.0,7736700,1.6803029715511782e-06
2023-12-01,Y60,Inclisiran,Leqvio 284mg/1.5ml inj pre-filled syringes,86,87.0,11870115,7.245085662607313e-06
2023-12-01,Y62,Inclisiran,Inclisiran 284mg/1.5ml inj pre-filled syringes,630,639.0,7863361,8.011841247018928e-05
2023-05-01,Y58,Inclisiran,Inclisiran 284mg/1.5ml inj pre-filled syringes,208,211.0,6059186,3.432804340384996e-05
2023-07-01,Y61,Inclisiran,Leqvio 284mg/1.5ml inj pre-filled syringes,41,41.0,7200534,5.694022137802557e-06
2023-06-01,Y60,Inclisiran,Inclisiran 284mg/1.5ml inj pre-filled syringes,183,184.0,11759783,1.5561511636736835e-05
2023-11-01,Y59,Inclisiran,Leqvio 284mg/1.5ml inj pre-filled syringes,16,16.0,9769367,1.6377724370473543e-06
2023-06-01,Y62,Inclisiran,Leqvio 284mg/1.5ml inj pre-filled syringes,8,8.0,7797392,1.0259840726232566e-06
2023-08-01,Y56,Inclisiran,Inclisiran 284mg/1.5ml inj pre-filled syringes,59,60.0,10903685,5.411014716584348e-06
2024-06-01,Y63,Inclisiran,Leqvio 284mg/1.5ml inj pre-filled syringes,175,175.0,9229501,1.896093840826281e-05
2024-02-01,Y58,Inclisiran,Leqvio 284mg/1.5ml inj pre-filled syringes,111,111.0,6111768,1.8161684147696707e-05
2024-11-01,Y58,Inclisiran,Inclisiran 284mg/1.5ml inj pre-filled syringes,383,384.0,6145094,6.232614179701727e-05
2023-01-01,Y62,Inclisiran,Inclisiran 284mg/1.5ml inj pre-filled syringes,59,60.0,7762914,7.600238776315182e-06
2022-12-01,Y56,Inclisiran,Leqvio 284mg/1.5ml inj pre-filled syringes,1,1.0,10797028,9.261807971601074e-08
2022-09-01,Y62,Inclisiran,Leqvio 284mg/1.5ml inj pre-filled syringes,5,5.0,7720914,6.475917229488633e-07
2024-12-01,Y63,Inclisiran,Inclisiran 284mg/1.5ml inj pre-filled syringes,519,523.0,9274268,5.5961289882932e-05
2023-02-01,Y62,Inclisiran,Leqvio 284mg/1.5ml inj pre-filled syringes,4,4.0,7770596,5.147610299132782e-07
2024-08-01,Y58,Inclisiran,Inclisiran 284mg/1.5ml inj pre-filled syringes,352,352.0,6129073,5.743119718104189e-05
2023-03-01,Y63,Inclisiran,Inclisiran 284mg/1.5ml inj pre-filled syringes,119,119.0,9113047,1.3058201060523446e-05
2022-07-01,Y60,Inclisiran,Inclisiran 284mg/1.5ml inj pre-filled syringes,25,27.0,11599656,2.155236327697994e-06
2024-10-01,Y61,Inclisiran,Inclisiran 284mg/1.5ml inj pre-filled syringes,201,201.0,7316007,2.7474003237011663e-05
2023-01-01,Y62,Inclisiran,Leqvio 284mg/1.5ml inj pre-filled syringes,15,15.0,7762914,1.9322640956733514e-06
2023-09-01,Y58,Inclisiran,Inclisiran 284mg/1.5ml inj pre-filled syringes,249,249.0,6075233,4.098608234449609e-05
2023-07-01,Y62,Inclisiran,Inclisiran 284mg/1.5ml inj pre-filled syringes,157,164.0,7805156,2.0114908657815424e-05
2022-04-01,Y56,Inclisiran,Inclisiran 284mg/1.5ml inj pre-filled syringes,7,7.0,10661399,6.565742450873474e-07
2022-03-01,Y62,Inclisiran,Inclisiran 284mg/1.5ml inj pre-filled syringes,4,4.0,7718503,5.182352070084056e-07
2023-01-01,Y56,Inclisiran,Inclisiran 284mg/1.5ml inj pre-filled syringes,21,23.0,10809783,1.94268469589075e-06
2023-03-01,Y58,Inclisiran,Leqvio 284mg/1.5ml inj pre-filled syringes,31,31.0,6053871,5.120690546594072e-06
2022-11-01,Y63,Inclisiran,Leqvio 284mg/1.5ml inj pre-filled syringes,16,16.0,9082670,1.7615965349396157e-06
2025-05-01,Y61,Inclisiran,Leqvio 284mg/1.5ml inj pre-filled syringes,177,177.0,7345292,2.4097067890561736e-05
2024-07-01,Y61,Inclisiran,Inclisiran 284mg/1.5ml inj pre-filled syringes,140,140.0,7299401,1.9179655974510785e-05
2022-06-01,Y62,Inclisiran,Leqvio 284mg/1.5ml inj pre-filled syringes,12,12.0,7736700,1.5510488968164722e-06
2023-01-01,Y56,Inclisiran,Leqvio 284mg/1.5ml inj pre-filled syringes,2,2.0,10809783,1.8501759008483333e-07
2022-08-01,Y62,Inclisiran,Inclisiran 284mg/1.5ml inj pre-filled syringes,22,23.0,7714918,2.851618124781106e-06
2023-11-01,Y61,Inclisiran,Leqvio 284mg/1.5ml inj pre-filled syringes,33,33.0,7238687,4.558837811332359e-06
2023-04-01,Y56,Inclisiran,Leqvio 284mg/1.5ml inj pre-filled syringes,2,2.0,10850155,1.8432916396125216e-07
2024-06-01,Y56,Inclisiran,Inclisiran 284mg/1.5ml inj pre-filled syringes,163,166.0,11045840,1.475668668023437e-05
2024-12-01,Y56,Inclisiran,Leqvio 284mg/1.5ml inj pre-filled syringes,12,12.0,11103147,1.0807746668579638e-06
2025-02-01,Y56,Inclisiran,Inclisiran 284mg/1.5ml inj pre-filled syringes,177,178.0,11117003,1.592155727582335e-05
2025-06-01,Y62,Inclisiran,Leqvio 284mg/1.5ml inj pre-filled syringes,65,65.0,7976439,8.14899982310402e-06
2025-03-01,Y63,Inclisiran,Leqvio 284mg/1.5ml inj pre-filled syringes,159,159.0,9275864,1.7141260372079624e-05
2023-05-01,Y62,Inclisiran,Leqvio 284mg/1.5ml inj pre-filled syringes,10,10.0,7788532,1.2839390015987608e-06
2024-08-01,Y61,Inclisiran,Inclisiran 284mg/1.5ml inj pre-filled syringes,176,176.0,7307085,2.4086212217320586e-05
2023-07-01,Y61,Inclisiran,Inclisiran 284mg/1.5ml inj pre-filled syringes,44,44.0,7200534,6.1106579039832325e-06
2022-10-01,Y56,Inclisiran,Inclisiran 284mg/1.5ml inj pre-filled syringes,23,23.0,10737497,2.1420262096464383e-06
2024-02-01,Y59,Inclisiran,Inclisiran 284mg/1.5ml inj pre-filled syringes,223,226.0,9794496,2.2767889230849654e-05
2024-02-01,Y62,Inclisiran,Inclisiran 284mg/1.5ml inj pre-filled syringes,584,587.0,7879575,7.411567248233566e-05
2022-11-01,Y62,Inclisiran,Leqvio 284mg/1.5ml inj pre-filled syringes,3,3.0,7747822,3.872055914552503e-07
2022-09-01,Y58,Inclisiran,Inclisiran 284mg/1.5ml inj pre-filled syringes,111,111.0,6018753,1.8442358408793316e-05
2024-05-01,Y59,Inclisiran,Leqvio 284mg/1.5ml inj pre-filled syringes,21,21.0,9818041,2.13891956654082e-06
2022-01-01,Y58,Inclisiran,Inclisiran 284mg/1.5ml inj pre-filled syringes,29,29.0,5989344,4.841932605640951e-06
2022-02-01,Y56,Inclisiran,Inclisiran 284mg/1.5ml inj pre-filled syringes,2,2.0,10631130,1.8812675604568847e-07
2025-02-01,Y63,Inclisiran,Leqvio 284mg/1.5ml inj pre-filled syringes,151,152.0,9276815,1.6277138220391374e-05
2023-11-01,Y63,Inclisiran,Leqvio 284mg/1.5ml inj pre-filled syringes,128,132.0,9184083,1.3937156273522354e-05
2024-09-01,Y58,Inclisiran,Inclisiran 284mg/1.5ml inj pre-filled syringes,373,373.0,6130305,6.0845259738300134e-05
2023-02-01,Y58,Inclisiran,Inclisiran 284mg/1.5ml inj pre-filled syringes,159,159.0,6050765,2.6277669022016225e-05
2023-03-01,Y61,Inclisiran,Inclisiran 284mg/1.5ml inj pre-filled syringes,39,40.0,7171251,5.438381671482423e-06
2023-02-01,Y61,Inclisiran,Leqvio 284mg/1.5ml inj pre-filled syringes,6,6.0,7163093,8.376269859961333e-07
2022-12-01,Y59,Inclisiran,Leqvio 284mg/1.5ml inj pre-filled syringes,2,2.0,9671305,2.0679732466301084e-07
2022-07-01,Y62,Inclisiran,Leqvio 284mg/1.5ml inj pre-filled syringes,3,3.0,7710089,3.8910056680279564e-07
2024-03-01,Y62,Inclisiran,Inclisiran 284mg/1.5ml inj pre-filled syringes,597,601.0,7886583,7.569818259694979e-05
2024-07-01,Y58,Inclisiran,Inclisiran 284mg/1.5ml inj pre-filled syringes,374,374.0,6126251,6.10487555929393e-05
